platform,type,features,pricing_model,demo_url,region,notes
GoProposal,accountancy_specific,"Proposal automation, pricing tables, engagement letters, Sage integration","£60/month (5 proposals), £75/month (1 user)",https://goproposal.com/,UK,"Now owned by Sage, free with Sage subscription"
Ignition,accountancy_specific,"Proposal automation, billing, payments, client engagement","Custom pricing (14-day trial)",https://www.ignitionapp.com/,UK/Global,"Expensive for small businesses per reviews"
Karbon,practice_management,"Workflow automation, time tracking, job management, billing","Team £34/user/month, Business £49/user/month, Enterprise custom",https://karbonhq.com/,UK/Global,"Free for silver+ Xero partners, ROI calculator available"
Senta,practice_management,"Workflow automation, client portal, job tracking","£31/month (1 user), £25.60/month annual, volume discounts",https://senta.co/,UK,"30-day free trial, per-user pricing"
PandaDoc,generic_proposal,"Document automation, e-signatures, CPQ, pricing tables","Essentials $19/seat/month, Business $49/seat/month, Enterprise custom",https://www.pandadoc.com/,UK/Global,"14-day free trial, accountant plans from $35/user/month"
Proposify,generic_proposal,"Proposal software, digital quotes, dynamic pricing","Basic $29/user/month",https://www.proposify.com/,UK/Global,"No built-in invoicing or accounting integrations"
Cone,accountancy_specific,"Proposals, dynamic pricing, billing, payments","$8/user/month",https://www.getcone.io/,UK/Global,"Affordable Ignition alternative"
Xero Practice Manager,practice_management,"Job management, time tracking, billing, workflow automation","Free (silver+ Xero partners), £99/month (bronze, up to 10 users)",https://www.xero.com/uk/xero-practice-manager/,UK,"14-day free trial for new/bronze partners"
FreeAgent,accounting_software,"Accounting, time tracking, project management, HMRC filing","£10/month starting, £16.50/month (6mo promo), £33/month after",https://www.freeagent.com/,UK,"Free with certain UK bank accounts, built-in end-of-year filing"
Sage for Accountants,accounting_software,"Client engagement, proposals, pricing, practice management","Included with Sage subscription",https://www.sage.com/en-gb/accountants/,UK,"Integrated with Sage ecosystem"
QuickBooks UK,accounting_software,"Accounting, quotes/estimates, invoicing, payroll","Sole Trader £10/month, Plus £47/month, Advanced £115/month, Payroll £5/month + £1.30/employee",https://quickbooks.intuit.com/uk/,UK,"MTD compliant, HMRC recognised"
Xero,accounting_software,"Accounting, quotes, invoicing, practice tools","Ledger £2.50/month (partners), client plans £12-£47.50/month",https://www.xero.com/uk/,UK,"Gold partner 30% client discount, MTD compliant"
TaxDome,practice_management,"Client portal, workflow automation, CRM, document management","Custom pricing",https://taxdome.com/,UK/Global,"All-in-one practice management"
Effective Pricing,pricing_software,"Value pricing, package builder, pricing calculator","Custom pricing",https://www.effectivepricing.co.uk/,UK,"Specialized for accountants, non-hourly billing focus"
Quote It Pro,quoting_software,"Quote builder for builders/contractors, integrates with accounting","Custom pricing",https://quoteitpro.co.uk/,UK,"Construction-focused quoting tool"
Bitrix24,CRM_with_quotes,"CRM, unlimited quotes/invoices, multi-currency, product catalog","Free tier available",https://www.bitrix24.com/,UK/Global,"Free CRM with quoting capabilities"
Oneflow,contract_automation,"Contract management, proposals, quotes, e-signatures","Custom pricing",https://oneflow.com/uk/,UK/Global,"Contract automation platform"
Super Proposal,generic_proposal,"Proposal software, templates, collaboration","Custom pricing",https://www.superproposal.com/,UK/Global,"Proposal creation and management"
AccountancyManager (BrightManager),practice_management,"Practice management, workflow, client portal","Custom pricing",https://www.accountancymanager.co.uk/,UK,"UK-focused practice management"
Docupilot,document_automation,"Document generation, data integration, templates","Custom pricing",https://www.docupilot.com/,UK/Global,"Document automation for quotes/proposals"
